,Quantity,Exchange,Shift
1,0,100,0
2,0,0,100
3,42.85714286,57.14285714,0
4,100,0,0
Extent,30,40,30
